lemma	pos	date	grouping	identifier	description	context	indexes_target_token	indexes_target_sentence
жизнь	NN	example	22	22_жизнь_252491		Особенно поразили художника два лика Иоанна Предтечи Крылатого: у одного в левой руке была золотая чаша с Предвечным Младенцем, на Которого указывал он правой рукой:«Се Агнец Божий, вземляй грехи мира»; другой--«с усекновением», вопреки законам природы, имел две головы: одну, живую, на плечах, другую, мертвую, в сосуде, который держал в руках, как бы в знак того, что человек, только умертвив в себе все человеческое, достигает окрыления сверхчеловеческого; лик у обоих был странен и страшен: взор широко открытых глаз похож на взор орла, вперенный в солнце; борода и волосы развевались, как бы от сильного ветра; косматая верблюжья риза напоминала перья птицы; кости исхудалых, непомерно длинных, тонких рук и ног, едва покрытые кожей, казались легкими, преображенными для полета, точно пустыми, полыми внутри, как хрящи и кости пернатых; за плечами два исполинские крыла подобны были крыльям лебедя или той Великой Птицы, о которой всю жизнь мечтал Леонардо.	940:945	0:962
жизнь	NN	example	22	22_жизнь_136503		И узнал обо всем(ну... в смысле«сомнительном») в первые дни нашей совместной жизни.	77:82	0:83
жизнь	NN	example	22	22_жизнь_40735		Я пытался найти в его жизни тот критический узелок, когда мною заместило Мухина.	22:27	0:80
жизнь	NN	example	22	22_жизнь_177881		Так всегда бывает-- когда жизнь полностью обесценена, начинаешь ее особенно ценить и лелеять.	26:31	0:93
жизнь	NN	example	22	22_жизнь_327519		Теперь приступлю к описанию нашей жизни.	34:39	0:40
жизнь	NN	example	22	22_жизнь_45705		«У вас такая яркая, насыщенная жизнь, написали бы воспоминания.	31:36	0:63
жизнь	NN	example	22	22_жизнь_64387		И вот однажды актеры разыгрывали сцену из жизни раннехристианских мучеников.	42:47	0:76
жизнь	NN	example	22	22_жизнь_385036		Их жизнь в заточении постоянно свидетельствует об истине их начал.	3:8	0:66
жизнь	NN	example	22	22_жизнь_178281		Но, судя по тому, что я вижу, о чём слушаю и читаю, обычная жизнь большинства обычных людей, реальная политика и реальная экономика, в которые погружены израильтяне,-- всё это страшно далеко от указанных заповедей.	60:65	0:214
жизнь	NN	example	22	22_жизнь_203585		Его отец, Ксаверий Викентьевич, свою жизнь посвятил военной службе.	37:42	0:67
жизнь	NN	example	22	22_жизнь_389447		-- Помилуйте, матушка Мавра Кузьмовна,-- взмолился Половников,-- что ж, значит, я перед господином чиновником могу?.. если бы я теперича сказать что-нибудь от себя возможность имел, так и то, значит, меня бы в шею отселе вытолкали, потому как мое дело молчать, а не говорить... рассудите же вы, матушка, за что ж я, не будучи, можно сказать, вашему делу причинен, из-за него свою жизнь терять должон... ведь я, все одно, тамгу свою господину чиновнику оставлю.	380:385	0:460
жизнь	NN	example	22	22_жизнь_362711		Наконец, секретарь Villenave-- заключение его похвального слова Ласепеду, и примечательнейшее в жизни, что вы думаете?	96:101	0:118
жизнь	NN	example	22	22_жизнь_251986		Приобщение к культуре некоторым образом компромисс для духовной жизни.	64:69	0:70
жизнь	NN	example	22	22_жизнь_65726		-- За древностию лет К свободной жизни их вражда непримирима...	33:38	0:63
жизнь	NN	example	22	22_жизнь_134075		Пройденный со времени ХХП съезда партии и страной путь отмечен такими важными политическими событиями, как октябрьский/1964 год/ Пленум ЦК КПСС, решительно осудивший субъективизм и волюнтаризм в руководстве экономической и общественной жизнью.	236:242	0:243
жизнь	NN	example	22	22_жизнь_240891		Матвей Никитич и Аграфена уехали в город продавать поросят, день был базарный и молитвенный стих напал на старика, равно под влиянием мыслей, как о долгой и студной жизни своей на земле, так и о том, что зять один с дочерью, покинув его, погуляют всласть в веселый понедельничный день.	165:170	0:285
жизнь	NN	example	22	22_жизнь_138951		Это особенно актуально, когда страна модернизируется, когда миллионы молодых людей решают для себя: пить водку, как папа пил всю жизнь, идти убивать или учиться...	129:134	0:163
жизнь	NN	example	22	22_жизнь_300960		Часто сидим мы с ней на кухне и обсуждаем господскую жизнь.	53:58	0:59
жизнь	NN	example	22	22_жизнь_73834		Юноше, обдумывающему житье, решающему сделать бы жизнь с кого, скажу, не задумываясь Делай ее с товарища Дзержинского*.	49:54	0:119
жизнь	NN	example	22	22_жизнь_248996		В моей жизни это стало первейшей заповедью.	7:12	0:43
жизнь	NN	example	22	22_жизнь_47733		Так продолжалось довольно долго, затем Шуб поблагодарил собравшихся, попросил по трешке с носа на текущие ветеранские нужды, и мы разошлись, каждый в свою жизнь.	155:160	0:161
жизнь	NN	example	22	22_жизнь_26274		Этих умниц, умников он всю жизнь не любил, никогда с ними не спорил, спокойно признавал их всяческое превосходство, но вот теперь и у него взыграло ретивое-- теперь как-то это стало не опасно, и он запоздало, но упорно повел дело к тому, что он-- редкого ума человек.	27:32	0:267
жизнь	NN	example	22	22_жизнь_60681		То были прекраснейшие дни его жизни.	30:35	0:36
жизнь	NN	example	22	22_жизнь_197866		Ведь каждый может оступиться, под чуждое влияние попасть, я понимаю, жизнь сложна... и искупить ошибку можно, определенно, уж поверьте, только... только одним.	69:74	0:159
жизнь	NN	example	22	22_жизнь_364830		Из последних действительная жизнь описываемого периода вытесняется партийными тенденциями, а не то и модной формулой.	28:33	0:117
жизнь	NN	example	22	22_жизнь_46198		Чтобы понять зарубежную страну, надо изучить«грамматику жизни» ее народа.	56:61	0:73
жизнь	NN	example	22	22_жизнь_145329		Дания и Скандинавия оставались последним анклавом древнего германского образа жизни.	78:83	0:84
жизнь	NN	example	22	22_жизнь_175161		Повествование о своей жизни отец Александр довел примерно до 1967 года.	22:27	0:71
жизнь	NN	example	22	22_жизнь_6489		Л.Ю. с отцом летала в Париж в ноябре, где они шикарно жили в«Плазе» и вели светский образ жизни.	90:95	0:96
жизнь	NN	example	22	22_жизнь_202812		Прочие области жизни и деятельности общества надо пока оставить в покое и стабильности.	15:20	0:87
жизнь	NN	example	22	22_жизнь_306439		Это письмо, вероятно, изменит всю мою жизнь.	38:43	0:44
жизнь	NN	example	22	22_жизнь_134464		Но в её жизни такого конца не было.	8:13	0:35
жизнь	NN	example	22	22_жизнь_91372		Но ведь за новыми словами и жизнь новая.	28:33	0:40
жизнь	NN	example	22	22_жизнь_116186		В принципе это и есть женская доля-- жизнь и семья.	37:42	0:51
жизнь	NN	example	22	22_жизнь_206023		В противном случае возникает серьезная угроза церковному единству, что и произошло при введении в богослужебную жизнь Церкви нового календарного стиля.	112:117	0:151
